Session Name,Role,Name,Slot Title,Start Time,End Time,Entity,Country
"Session B2.1.1","Invited Speaker","Wolfgang Tress","Ionic Conductivity in Perovskite Solar Cells","Mon Oct 26 2026 11:15:00 GMT+0100 (Central European Standard Time)","Mon Oct 26 2026 11:45:00 GMT+0100 (Central European Standard Time)","ZHAW","Switzerland"
"Session B2.1.1","Invited Speaker","Chris Dreessen","Electrostatics, Photodoping, and Ionic Field Screening in Perovskite Solar Cells","Mon Oct 26 2026 12:15:00 GMT+0100 (Central European Standard Time)","Mon Oct 26 2026 12:45:00 GMT+0100 (Central European Standard Time)","Forschungszentrum Jülich GmbH","Germany"
"Session E3.1.1","Invited Speaker","Claudio Roscini","Transparent nanodroplets-based composites for solar light transmittance modulation and conversion","Mon Oct 26 2026 11:15:00 GMT+0100 (Central European Standard Time)","Mon Oct 26 2026 11:45:00 GMT+0100 (Central European Standard Time)","Institut Català de Nanociència i Nanotecnologia (ICN2)","Spain"
"Session E3.1.1","Invited Speaker","Miguel Anaya","Control over light matter interactions in perovskite optoelectronics by design","Mon Oct 26 2026 11:45:00 GMT+0100 (Central European Standard Time)","Mon Oct 26 2026 12:15:00 GMT+0100 (Central European Standard Time)","Institute of Materials Science of Seville","Spain"
"Session D7.1.1","Invited Speaker","Mesfin Haile Mamme","Accelerating Advanced Materials Discovery in the age of Artificial Intelligence","Mon Oct 26 2026 11:15:00 GMT+0100 (Central European Standard Time)","Mon Oct 26 2026 11:45:00 GMT+0100 (Central European Standard Time)","Vrije Universiteit Brussel","Belgium"
"Session D7.1.1","Invited Speaker","Leonard Ng","High Throughput Fabrication of Carbon Electrodes, from Conformal Printing to Self-Driving Roll-to-Roll Manufacturing","Mon Oct 26 2026 11:45:00 GMT+0100 (Central European Standard Time)","Mon Oct 26 2026 12:15:00 GMT+0100 (Central European Standard Time)","School of Materials Science and Engineering, Nanyang Technological University","Singapore"
"Session D7.1.1","Invited Speaker","Jose Recatala Gomez","A-Lab: converging AI and robotics for battery materials.","Mon Oct 26 2026 12:15:00 GMT+0100 (Central European Standard Time)","Mon Oct 26 2026 12:45:00 GMT+0100 (Central European Standard Time)",,
"Session B4.1.1","Invited Speaker","Laura Herz","Multimodal probes of halide segregation in mixed-halide perovskites","Mon Oct 26 2026 11:15:00 GMT+0100 (Central European Standard Time)","Mon Oct 26 2026 11:45:00 GMT+0100 (Central European Standard Time)","University of Oxford","United Kingdom"
"Session B4.1.1","Invited Speaker","Julia Wiktor","Structural Dynamics and Charge Localization in Halide Perovskites: Connecting Atomistic Modeling with Experiment","Mon Oct 26 2026 12:30:00 GMT+0100 (Central European Standard Time)","Mon Oct 26 2026 13:00:00 GMT+0100 (Central European Standard Time)","Chalmers University of Technology, Sweden","Sweden"
"Session E4.1.1","Invited Speaker","Sara Realista","MOF-Based Materials at Work: Electrocatalytic CO₂ Conversion","Mon Oct 26 2026 11:15:00 GMT+0100 (Central European Standard Time)","Mon Oct 26 2026 11:45:00 GMT+0100 (Central European Standard Time)","Faculdade de Ciências da Universidade de Lisboa","Portugal"
"Session E4.1.1","Invited Speaker","Cátia Azenha","Dynamic in situ tuning of syngas selectivity via potential-cycling over bimetallic Cu2O/ZnO catalysts for tailored downstream C1 chemistry integration","Mon Oct 26 2026 12:15:00 GMT+0100 (Central European Standard Time)","Mon Oct 26 2026 12:45:00 GMT+0100 (Central European Standard Time)","University of Porto, Faculty of Engineering","Portugal"
"Session A4.1.1","Invited Speaker","Nakita K. Noel","Kinetic Control of Polytypism in Formamidinium Lead Halide Perovskites","Mon Oct 26 2026 11:15:00 GMT+0100 (Central European Standard Time)","Mon Oct 26 2026 11:45:00 GMT+0100 (Central European Standard Time)","University of Oxford","United Kingdom"
"Session A4.1.1","Invited Speaker","Jacky Even","Toward stable perovskite heterostructures for photovoltaic applications","Mon Oct 26 2026 12:30:00 GMT+0100 (Central European Standard Time)","Mon Oct 26 2026 13:00:00 GMT+0100 (Central European Standard Time)","Institut National des Sciences Appliquées, Rennes","France"
"Session C2.1.1","Invited Speaker","Kalliopi Kousi","Exsolved systems for CO2 hydrogenation to value added chemicals","Mon Oct 26 2026 11:15:00 GMT+0100 (Central European Standard Time)","Mon Oct 26 2026 11:45:00 GMT+0100 (Central European Standard Time)","University of Surrey, UK","United Kingdom"
"Session C2.1.1","Invited Speaker","Kandis Gilliard-abdulaziz","Exsolved Multifunctional Materials for Dynamic CO₂ Capture and Conversion","Mon Oct 26 2026 12:00:00 GMT+0100 (Central European Standard Time)","Mon Oct 26 2026 12:30:00 GMT+0100 (Central European Standard Time)",,
"Session C2.1.1","Invited Speaker","Fabian Luca Buchauer","Exsolution for Low-Temperature Electrocatalysis: Ni–Fe-exsolution from STFNO","Mon Oct 26 2026 12:30:00 GMT+0100 (Central European Standard Time)","Mon Oct 26 2026 13:00:00 GMT+0100 (Central European Standard Time)","Technical University of Denmark","Denmark"
"Session D4.1.1","Invited Speaker","Valeria Demontis","Neuromorphic Behavior in Low-Dimensional Semiconductor and Halide Perovskite Optoelectronic Devices","Mon Oct 26 2026 11:15:00 GMT+0100 (Central European Standard Time)","Mon Oct 26 2026 11:45:00 GMT+0100 (Central European Standard Time)","Dipartimento di Fisica, Università di Cagliari","Italy"
"Session D4.1.1","Invited Speaker","Gaetano Scamarcio","From Physisorbed Molecular Dipole Networks to Optical and Electronic Transduction","Mon Oct 26 2026 12:15:00 GMT+0100 (Central European Standard Time)","Mon Oct 26 2026 12:45:00 GMT+0100 (Central European Standard Time)","Consiglio Nazionale delle Ricerche","Italy"
"Session C2.1.2","Invited Speaker","Felix Gunkel","Bulk and surface defect chemistry in exsolution-active perovskite oxides","Mon Oct 26 2026 15:00:00 GMT+0100 (Central European Standard Time)","Mon Oct 26 2026 15:30:00 GMT+0100 (Central European Standard Time)","Forschungszentrum Jülich","Germany"
"Session C2.1.2","Invited Speaker","Jonathan Polfus","Exsolution of metal nanoparticles by control of point defects","Mon Oct 26 2026 15:45:00 GMT+0100 (Central European Standard Time)","Mon Oct 26 2026 16:15:00 GMT+0100 (Central European Standard Time)","University of Oslo (UiO)","Norway"
"Session C2.1.2","Invited Speaker","Wayne Kaplan","Experimental Studies of the Structure, Chemistry, and Energy at Equilibrated Metal-Ceramic Interfaces","Mon Oct 26 2026 16:15:00 GMT+0100 (Central European Standard Time)","Mon Oct 26 2026 16:45:00 GMT+0100 (Central European Standard Time)","Technion - Israel Institute of Technology","Israel"
"Session B4.1.2","Invited Speaker","Philip Schulz","Interface Analytics in Halide Perovskites: From Buried Chemistry to Device Functionality","Mon Oct 26 2026 15:00:00 GMT+0100 (Central European Standard Time)","Mon Oct 26 2026 15:30:00 GMT+0100 (Central European Standard Time)","CNRS, École Polytechnique, IPVF, UMR 9006, FR","France"
"Session B4.1.2","Invited Speaker","Pablo P Boix","Engineering Chemical Dynamics in Halide Perovskite Devices, From Liability to Design Principle","Mon Oct 26 2026 15:45:00 GMT+0100 (Central European Standard Time)","Mon Oct 26 2026 16:15:00 GMT+0100 (Central European Standard Time)",,
"Session B4.1.2","Invited Speaker","Wolfgang Tress","Perovskite Memristors and Their Integration into Solar Cells","Mon Oct 26 2026 16:15:00 GMT+0100 (Central European Standard Time)","Mon Oct 26 2026 16:45:00 GMT+0100 (Central European Standard Time)","ZHAW","Switzerland"
"Session A4.1.2","Invited Speaker","Michael Saliba","SHEDDING LIGHT ON WIDE-BANDGAP PEROVSKITES","Mon Oct 26 2026 15:00:00 GMT+0100 (Central European Standard Time)","Mon Oct 26 2026 15:30:00 GMT+0100 (Central European Standard Time)","Institute for Photovoltaics (ipv), University of Stuttgart","Germany"
"Session A4.1.2","Invited Speaker","Benjamin Gallant","Unveiling the moisture-induced surface degradation of halide perovskites at the atomic level","Mon Oct 26 2026 15:45:00 GMT+0100 (Central European Standard Time)","Mon Oct 26 2026 16:15:00 GMT+0100 (Central European Standard Time)","Helmholtz Zentrum Berlin für Materialien und Energie","Germany"
"Session A4.1.2","Invited Speaker","Giulia Grancini","Unlocking the Photovoltaic Potential of Low-Dimensional Perovskites through Crystallographic and Interfacial Engineering","Mon Oct 26 2026 16:30:00 GMT+0100 (Central European Standard Time)","Mon Oct 26 2026 17:00:00 GMT+0100 (Central European Standard Time)","University of Pavia, Italy","Italy"
"Session E3.1.2","Invited Speaker","Vivian Ferry","Large-area light management materials for photovoltaics and agrivoltaics","Mon Oct 26 2026 15:00:00 GMT+0100 (Central European Standard Time)","Mon Oct 26 2026 15:30:00 GMT+0100 (Central European Standard Time)","University of Minnesota","United States"
"Session E3.1.2","Invited Speaker","Maria Josè Lo Faro","Engineered Fractal Disorder for Light Management in Silicon Optoelectronics","Mon Oct 26 2026 15:30:00 GMT+0100 (Central European Standard Time)","Mon Oct 26 2026 16:00:00 GMT+0100 (Central European Standard Time)","Università di Catania","Italy"
"Session E3.1.2","Invited Speaker","Paul Fassl","From Photon Recycling to Light Management in Perovskite Photovoltaics","Mon Oct 26 2026 17:00:00 GMT+0100 (Central European Standard Time)","Mon Oct 26 2026 17:30:00 GMT+0100 (Central European Standard Time)","Karlsruhe Institute of Technology (KIT)","Germany"
"E4.1.2","Invited Speaker","Roberto Fiorenza","Solar phothermal-catalysis for the CO2 valorization and the air putification","Mon Oct 26 2026 15:00:00 GMT+0100 (Central European Standard Time)","Mon Oct 26 2026 15:30:00 GMT+0100 (Central European Standard Time)","University of Catania","Italy"
"E4.1.2","Invited Speaker","Praveen Kumar","Sustainable Catalyst Design for the conversion of CO₂ into Organic Carbonates","Mon Oct 26 2026 15:30:00 GMT+0100 (Central European Standard Time)","Mon Oct 26 2026 16:00:00 GMT+0100 (Central European Standard Time)","University of Ljubljana, Ljubljan","Slovenia"
"E4.1.2","Invited Speaker","Damien Voiry","Hydrogen Bond Network Disruption Enables Efficient Direct Reactive Capture of CO2 from Flue Gas","Mon Oct 26 2026 16:15:00 GMT+0100 (Central European Standard Time)","Mon Oct 26 2026 16:45:00 GMT+0100 (Central European Standard Time)","Université de Montpellier, France","France"
"E4.1.2","Invited Speaker","Francesca Risplendi","From Selective CO Production to C-C Coupling: An Integrated Computational Framework for CO2 Electroreduction Catalyst Design","Mon Oct 26 2026 16:45:00 GMT+0100 (Central European Standard Time)","Mon Oct 26 2026 17:15:00 GMT+0100 (Central European Standard Time)","Politecnico di Torino (POLITO)","Italy"
"E4.1.2","Invited Speaker","Grazia Leonzio","Towards ethylene production from carbon dioxide: Economic and global warming potential assessment","Mon Oct 26 2026 17:15:00 GMT+0100 (Central European Standard Time)","Mon Oct 26 2026 17:45:00 GMT+0100 (Central European Standard Time)","University of Cagliari _","Italy"
"Session B2.1.2","Invited Speaker","Laura Basirico'","Defect-Mediated Charge Dynamics in Low-Dimensional Metal Halide Perovskites for Stable Radiation Detection","Mon Oct 26 2026 15:00:00 GMT+0100 (Central European Standard Time)","Mon Oct 26 2026 15:30:00 GMT+0100 (Central European Standard Time)",,
"Session B2.1.2","Invited Speaker","Jarla Thiesbrummel","Beyond 1D: How Lateral Ion Migration Impacts Ion Densities and Stability in Perovskite Solar Cells","Mon Oct 26 2026 15:45:00 GMT+0100 (Central European Standard Time)","Mon Oct 26 2026 16:15:00 GMT+0100 (Central European Standard Time)","University of Potsdam","Germany"
"Session B2.1.2","Invited Speaker","Teresa Gatti","Heavy pnictogens-based perovskite inspired semiconductors for sustainable light-harvesting applications","Mon Oct 26 2026 16:15:00 GMT+0100 (Central European Standard Time)","Mon Oct 26 2026 16:45:00 GMT+0100 (Central European Standard Time)","Politecnico di Torino, Italy","Italy"
"Session B2.1.2","Invited Speaker","Filippo De Angelis","Controlling Defect-Induced Degradation in Perovskite Solar Cells","Mon Oct 26 2026 17:15:00 GMT+0100 (Central European Standard Time)","Mon Oct 26 2026 17:45:00 GMT+0100 (Central European Standard Time)","University of Perugia","Italy"
"Session D7.1.2","Invited Speaker","An Hardy","Aqueous Solution-Gel Synthesis of Electrode Materials for Lithium and Sodium Ion Batteries: Ideal for Fast Screening?","Mon Oct 26 2026 15:00:00 GMT+0100 (Central European Standard Time)","Mon Oct 26 2026 15:30:00 GMT+0100 (Central European Standard Time)","Hasselt University",
"Session D7.1.2","Invited Speaker","Anssi Laukkanen","Agentic AI and Multiscale Modelling for Inverse Design of Battery Materials, Synthesis and Electrode Manufacturing","Mon Oct 26 2026 15:30:00 GMT+0100 (Central European Standard Time)","Mon Oct 26 2026 16:00:00 GMT+0100 (Central European Standard Time)","VTT Technical Research Centre of Finland Ltd","Finland"
"Session D7.1.2","Invited Speaker","Niamh Hartley","A Practical Application of Automation in Accelerating Battery Research and Developing Self-Driving Labs: An Additive Study","Mon Oct 26 2026 16:00:00 GMT+0100 (Central European Standard Time)","Mon Oct 26 2026 16:30:00 GMT+0100 (Central European Standard Time)","Imperial College London","United Kingdom"
"Session D4.1.2","Invited Speaker","Juan Bisquert","Dynamical Principles of Oscillators for Unconventional Computation: From Solid-State Devices to Organic and Fluidic Neurons","Mon Oct 26 2026 15:00:00 GMT+0100 (Central European Standard Time)","Mon Oct 26 2026 15:30:00 GMT+0100 (Central European Standard Time)","Instituto de Tecnología Química (ITQ-UPV-CSIC)","Spain"
"Session D4.1.2","Invited Speaker","Shimpei Ono","Advanced Functionalities of Ions","Mon Oct 26 2026 15:30:00 GMT+0100 (Central European Standard Time)","Mon Oct 26 2026 16:00:00 GMT+0100 (Central European Standard Time)","Tohoku University","Japan"
"Session D4.1.2","Invited Speaker","Susan Fullerton Shirey","Electric-Field-Sensitive Solid Polymer Electrolytes for Tuning Electric Double Layer Dynamics","Mon Oct 26 2026 16:30:00 GMT+0100 (Central European Standard Time)","Mon Oct 26 2026 17:00:00 GMT+0100 (Central European Standard Time)","University of Pittsburgh","United States"
"Session D4.1.2","Invited Speaker","Luisa Torsi","From Ensemble Binding to Single-Molecule Statistics in pH-conditioned biosensing","Mon Oct 26 2026 17:00:00 GMT+0100 (Central European Standard Time)","Mon Oct 26 2026 17:30:00 GMT+0100 (Central European Standard Time)","Dipartimento di Chimica, Università degli Studi di Bari,","Italy"
"Session D4.2.1","Invited Speaker","Masaki Nakano","Gate-Tunable Magnetism in Layered van der Waals Materials","Tue Oct 27 2026 09:00:00 GMT+0100 (Central European Standard Time)","Tue Oct 27 2026 09:30:00 GMT+0100 (Central European Standard Time)","Shibaura Institute of Technology","Japan"
"Session D4.2.1","Invited Speaker","Liza Herrera Diez","Magneto-ionic control of magnetic textures","Tue Oct 27 2026 10:00:00 GMT+0100 (Central European Standard Time)","Tue Oct 27 2026 10:30:00 GMT+0100 (Central European Standard Time)","CNRS-Université Paris Saclay","France"
"Session E4.2.1","Invited Speaker","Avni Guruji","Innovations in CO2 electroconversion to formic acid: Synergistic Bi-Sn Catalysis and Advanced Three-Compartment Reactor Engineering","Tue Oct 27 2026 09:00:00 GMT+0100 (Central European Standard Time)","Tue Oct 27 2026 09:30:00 GMT+0100 (Central European Standard Time)","Flemish Institute for Technological Research (VITO)","Belgium"
"Session E4.2.1","Invited Speaker","Tom Breugelmans","Enhancing Stability For Elevated Temperature CO2 Electrolysis","Tue Oct 27 2026 10:00:00 GMT+0100 (Central European Standard Time)","Tue Oct 27 2026 10:30:00 GMT+0100 (Central European Standard Time)","University of Antwerp","Belgium"
"Session A4.2.1","Invited Speaker","Mathias Uller Rothmann","Analytical microscopy of halide perovskite films and devices","Tue Oct 27 2026 09:00:00 GMT+0100 (Central European Standard Time)","Tue Oct 27 2026 09:30:00 GMT+0100 (Central European Standard Time)","Foshan Xianhu Laboratory","China"
"Session A4.2.1","Invited Speaker","Sandra Jenatsch","Electro-Optical Characterization of Perovskite Solar Cells: From SAM Engineering to Degradation Mechanisms","Tue Oct 27 2026 09:30:00 GMT+0100 (Central European Standard Time)","Tue Oct 27 2026 10:00:00 GMT+0100 (Central European Standard Time)","Fluxim AG, CH","Switzerland"
"Session B4.2.1","Invited Speaker","Maksym Kovalenko","Single Perovskite Quantum Dots as Room-Temperature Quantum Emitters and Photochemical Reporters","Tue Oct 27 2026 09:00:00 GMT+0100 (Central European Standard Time)","Tue Oct 27 2026 09:30:00 GMT+0100 (Central European Standard Time)","ETH Zurich and Empa, CH","Switzerland"
"Session B4.2.1","Invited Speaker","Johan Hofkens","FROM BLINKING OF SINGLE MOLECULES TO LOOKING IN PEROVSKITE-BASED DEVICES","Tue Oct 27 2026 10:00:00 GMT+0100 (Central European Standard Time)","Tue Oct 27 2026 10:30:00 GMT+0100 (Central European Standard Time)","KULeuven","Belgium"
"Session E3.2.1","Invited Speaker","Mariano Campoy Quiles","Multijunction lateral (Rainbow) solar cells based on organics and hybrid technologies","Tue Oct 27 2026 09:00:00 GMT+0100 (Central European Standard Time)","Tue Oct 27 2026 09:30:00 GMT+0100 (Central European Standard Time)","Instituto de Ciencia de Materiales de Barcelona","Spain"
"Session E3.2.1","Invited Speaker","Urs Aeberhard","Simulation framework for the quantification of re-absorption effects in photovoltaic device applications","Tue Oct 27 2026 09:30:00 GMT+0100 (Central European Standard Time)","Tue Oct 27 2026 10:00:00 GMT+0100 (Central European Standard Time)","Fluxim AG, CH","Switzerland"
"Session D1.1.1","Invited Speaker","Sascha Feldmann","Photophysics and room temperature synthesis of the smallest doped halide perovskite nanocrystals","Tue Oct 27 2026 09:00:00 GMT+0100 (Central European Standard Time)","Tue Oct 27 2026 09:30:00 GMT+0100 (Central European Standard Time)","École Polytechnique Fédérale de Lausanne (EPFL)","Switzerland"
"Session D1.1.1","Invited Speaker","Viktoriia Morad","Stabilizing Dynamic Perovskite Nanocrystal Surfaces: From Bright Emission to Charge Extraction","Tue Oct 27 2026 10:00:00 GMT+0100 (Central European Standard Time)","Tue Oct 27 2026 10:30:00 GMT+0100 (Central European Standard Time)","Harvard University","United States"
"Session C2.2.1","Invited Speaker","Ivar Reimanis","The Origins of Socketing of Metallic Particles on Oxide Surfaces","Tue Oct 27 2026 09:00:00 GMT+0100 (Central European Standard Time)","Tue Oct 27 2026 09:30:00 GMT+0100 (Central European Standard Time)","Colorado School of Mines","United States"
"Session C2.2.1","Invited Speaker","Dylan Jennings","In Situ TEM Studies of Exsolution Active Material Systems","Tue Oct 27 2026 09:30:00 GMT+0100 (Central European Standard Time)","Tue Oct 27 2026 10:00:00 GMT+0100 (Central European Standard Time)","Ruhr University Bochum, Germany","Germany"
"Session C2.2.1","Invited Speaker","Vincenzo Esposito","Oxide Redox Architectures for Controlled Exsolution and Reversible Electrochemical Function","Tue Oct 27 2026 10:00:00 GMT+0100 (Central European Standard Time)","Tue Oct 27 2026 10:30:00 GMT+0100 (Central European Standard Time)","Danmarks Tekniske Universitet (DTU)","Denmark"
"Session B2.2.1","Invited Speaker","Sandy Sanchez Alonso","Flash Infrared Annealing as a Sub-Second Route to Control Vacancy-Related Ionic Landscapes in FAPbI₃ Perovskite Films","Tue Oct 27 2026 09:00:00 GMT+0100 (Central European Standard Time)","Tue Oct 27 2026 09:30:00 GMT+0100 (Central European Standard Time)","Ecole Polytechnique Federale de Lausanne (EPFL)","Switzerland"
"Session B2.2.1","Invited Speaker","Agustin Alvarez","Identifying the Origin of Processes in Perovskite Devices with Electrical and Optical Modulation Techniques","Tue Oct 27 2026 10:00:00 GMT+0100 (Central European Standard Time)","Tue Oct 27 2026 10:30:00 GMT+0100 (Central European Standard Time)","AMOLF","Netherlands"
"Session B2.2.2","Invited Speaker","Juan Bisquert","Dynamic Signatures of Ionic–Electronic Coupling and Degradation in Perovskite Solar Cells: Insights from Impedance and Transient Analyses","Tue Oct 27 2026 11:15:00 GMT+0100 (Central European Standard Time)","Tue Oct 27 2026 11:45:00 GMT+0100 (Central European Standard Time)","Instituto de Tecnología Química (ITQ-UPV-CSIC)","Spain"
"Session D1.1.2","Invited Speaker","Marcus Scheele","Visualizing and exploiting the ligand sphere of lead halide perovskite nanocrystals for lighting applications","Tue Oct 27 2026 11:15:00 GMT+0100 (Central European Standard Time)","Tue Oct 27 2026 11:45:00 GMT+0100 (Central European Standard Time)","University of Tuebingen, Germany","Germany"
"Session D1.1.2","Invited Speaker","Dmitry Baranov","Various Roles of Ligands in Perovskite Nanocrystal Superlattices","Tue Oct 27 2026 11:45:00 GMT+0100 (Central European Standard Time)","Tue Oct 27 2026 12:15:00 GMT+0100 (Central European Standard Time)","Lund University","Sweden"
"Session B4.2.2","Invited Speaker","Marina Leite","Photoswitchability and Photostriction with Inorganic Halide Perovskites","Tue Oct 27 2026 11:15:00 GMT+0100 (Central European Standard Time)","Tue Oct 27 2026 11:45:00 GMT+0100 (Central European Standard Time)","University of California Davis","United States"
"Session B4.2.2","Invited Speaker","Ivan Scheblykin","Photo-Induced Memory Effects in Perovskite Photoluminescence and Their Applications in Computing","Tue Oct 27 2026 11:45:00 GMT+0100 (Central European Standard Time)","Tue Oct 27 2026 12:15:00 GMT+0100 (Central European Standard Time)","Lund University","Sweden"
"Session E4.2.2","Invited Speaker","Sven Brückner","Electrode and interface design aspects for efficient and scalable one-gap  and zero-gap CO2 electrolyzers","Tue Oct 27 2026 11:15:00 GMT+0100 (Central European Standard Time)","Tue Oct 27 2026 11:45:00 GMT+0100 (Central European Standard Time)","Technical University of Berlin (TU)","Germany"
"Session E4.2.2","Invited Speaker","Sudhagar Pitchaimuthu","Co-Electrolysis of Greywater for Sustainable Hydrogen Generation Using Nanoscale Electrocatalysts","Tue Oct 27 2026 11:45:00 GMT+0100 (Central European Standard Time)","Tue Oct 27 2026 12:15:00 GMT+0100 (Central European Standard Time)","School of Engineering and Physical Sciences, Heriot-Watt University","United Kingdom"
"Session E4.2.2","Invited Speaker","Soma Vesztergom","Adaptive IR Compensation and Multi-Nodal Electrometry Control Concepts for Electrolysers: An Instrumentation Roadmap","Tue Oct 27 2026 12:15:00 GMT+0100 (Central European Standard Time)","Tue Oct 27 2026 12:45:00 GMT+0100 (Central European Standard Time)","Eötvös Loránd University (ELTE)","Hungary"
"Session C2.2.2","Invited Speaker","Alfonso J. Carrillo","Towards compositional optimization of multicomponent exsolved metallic nanoparticles","Tue Oct 27 2026 11:15:00 GMT+0100 (Central European Standard Time)","Tue Oct 27 2026 11:45:00 GMT+0100 (Central European Standard Time)","Instituto de Tecnología Química (UPV-CSIC)","Spain"
"Session C2.2.2","Invited Speaker","Andrea Kirsch","Multimetallic nanoparticle exsolution from compositionally complex spinels","Tue Oct 27 2026 11:45:00 GMT+0100 (Central European Standard Time)","Tue Oct 27 2026 12:15:00 GMT+0100 (Central European Standard Time)","Ruhr University Bochum, Germany","Germany"
"Session C2.2.2","Invited Speaker","Aleksandar Staykov","Electronic properties and surface stability of surface supported nanoparticles from first principle simulations","Tue Oct 27 2026 12:15:00 GMT+0100 (Central European Standard Time)","Tue Oct 27 2026 12:45:00 GMT+0100 (Central European Standard Time)","International Institute for Carbon-Neutral Energy Research (WPI-I2CNER), Kyushu University, Japan.","Japan"
"Session A4.2.2","Invited Speaker","Monica Morales Masis","Transparent Conducting Oxides: A Lever for Efficiency and Stability in Perovskite–Silicon Tandem Solar Cells","Tue Oct 27 2026 11:15:00 GMT+0100 (Central European Standard Time)","Tue Oct 27 2026 11:45:00 GMT+0100 (Central European Standard Time)","Eindhoven University of Technology (TU/e) (NL)","Netherlands"
"Session A4.2.2","Invited Speaker","Randi Azmi","Toward Stable and Scalable Dimensional Heterojunction Perovskite Photovoltaics","Tue Oct 27 2026 11:45:00 GMT+0100 (Central European Standard Time)","Tue Oct 27 2026 12:15:00 GMT+0100 (Central European Standard Time)","The Chinese university of Hong Kong Shenzhen","China"
"Session D4.2.2","Invited Speaker","Takashi Tsuchiya","Ion-Gating Reservoirs for  Low Power, Accurate, and Fast In-Sensor Computing","Tue Oct 27 2026 11:30:00 GMT+0100 (Central European Standard Time)","Tue Oct 27 2026 12:00:00 GMT+0100 (Central European Standard Time)","National Institute for Materials Science","Japan"
"Session D4.2.2","Invited Speaker","Ilia Valov","Electrochemical Polishing Approach for Reliable Quantum Levels in Nanoionic Devices","Tue Oct 27 2026 12:00:00 GMT+0100 (Central European Standard Time)","Tue Oct 27 2026 12:30:00 GMT+0100 (Central European Standard Time)","Research Centre Jülich","Germany"
"Session D1.1.3","Invited Speaker","Alexander Urban","Polymer-Controlled Perovskite Nanocrystals: From Nanoreactors to Stable Light-Emitting Films","Tue Oct 27 2026 15:00:00 GMT+0100 (Central European Standard Time)","Tue Oct 27 2026 15:30:00 GMT+0100 (Central European Standard Time)","Ludwig Maximilians University (LMU) Munich","Germany"
"Session D1.1.3","Invited Speaker","Zachary Vanorman","Probing Ligand-Induced Chirality in Halide Perovskite Nanomaterials","Tue Oct 27 2026 15:45:00 GMT+0100 (Central European Standard Time)","Tue Oct 27 2026 16:15:00 GMT+0100 (Central European Standard Time)","Hope College","United States"
"Session D4.2.3","Invited Speaker","Eugenio Cinquanta","THz time-domain and ultrafast spectroscopy of iontronic devices: from organic mixed-conductor THz metadevices to ion-gated graphene","Tue Oct 27 2026 15:00:00 GMT+0100 (Central European Standard Time)","Tue Oct 27 2026 15:30:00 GMT+0100 (Central European Standard Time)","CNR","Italy"
"Session C1.1.1","Invited Speaker","Beatriz Roldan Cuenya","Watching Electrocatalysts Adapt: Operando  X-ray and Vibrational Spectroscopies and In Situ Microscopy for Understanding Catalyst Dynamics","Tue Oct 27 2026 15:00:00 GMT+0100 (Central European Standard Time)","Tue Oct 27 2026 15:30:00 GMT+0100 (Central European Standard Time)","Fritz Haber Institute of the Max Planck Society","Germany"
"Session E1.1.1","Invited Speaker","Roland Marschall","Supply risk considerations for photoelectrochemical water splitting materials","Tue Oct 27 2026 15:30:00 GMT+0100 (Central European Standard Time)","Tue Oct 27 2026 16:00:00 GMT+0100 (Central European Standard Time)","University of Bayreuth, Germany","Germany"
"Session E1.1.1","Invited Speaker","Nestor Guijarro Carratalá","Beyond petroleum – Sourcing petrochemicals from lignin using light","Tue Oct 27 2026 16:00:00 GMT+0100 (Central European Standard Time)","Tue Oct 27 2026 16:30:00 GMT+0100 (Central European Standard Time)",,
"B4.2.3","Invited Speaker","Paulina Plochocka","Revisiting the Optical Response of Two-Dimensional Perovskites: Beyond Excitons","Tue Oct 27 2026 15:00:00 GMT+0100 (Central European Standard Time)","Tue Oct 27 2026 15:30:00 GMT+0100 (Central European Standard Time)","Laboratoire National des Champs Magnétiques Intenses, CNRS","France"
"B4.2.3","Invited Speaker","Paola Vivo","From Defects and Disorder to Function in Lead-Free Perovskite-Inspired Semiconductors","Tue Oct 27 2026 15:30:00 GMT+0100 (Central European Standard Time)","Tue Oct 27 2026 16:00:00 GMT+0100 (Central European Standard Time)","Tampere University","Finland"
"B4.2.3","Invited Speaker","Satyaprasad Senanayak","Strategies for operationally stable perovskite field effect transistor","Tue Oct 27 2026 16:15:00 GMT+0100 (Central European Standard Time)","Tue Oct 27 2026 16:45:00 GMT+0100 (Central European Standard Time)","Natioanl Institute of Science Education and Research","India"
"Session A4.2.3","Invited Speaker","Jarla Thiesbrummel","Mobile Ions as the Key to Performance and Stability in Perovskite Solar Cells","Tue Oct 27 2026 15:15:00 GMT+0100 (Central European Standard Time)","Tue Oct 27 2026 15:45:00 GMT+0100 (Central European Standard Time)","University of Potsdam","Germany"
"Session A4.2.3","Invited Speaker","Luigi Vesce","Toward Stable and Scalable Carbon-Based Perovskite Solar Modules: Materials, Interfaces and Fully Wet Manufacturing","Tue Oct 27 2026 15:45:00 GMT+0100 (Central European Standard Time)","Tue Oct 27 2026 16:15:00 GMT+0100 (Central European Standard Time)","University of Rome ""Tor Vergata""","Italy"
"Session A4.2.3","Invited Speaker","Carolin Ulbrich","Learnings from Long-Term Outdoor Monitoring of (Lab- and Industry-scale) Perovskite-Based Solar Cells and Modules","Tue Oct 27 2026 16:15:00 GMT+0100 (Central European Standard Time)","Tue Oct 27 2026 16:45:00 GMT+0100 (Central European Standard Time)","Helmholtz Zentrum Berlin","Germany"
"Session C1.2.1","Invited Speaker","Simone Piccinin","Photoelectrochemical water splitting on hematite: Mechanistic insights from machine-learning-interatomic-potentials MD and microkinetic modeling","Wed Oct 28 2026 09:00:00 GMT+0100 (Central European Standard Time)","Wed Oct 28 2026 09:30:00 GMT+0100 (Central European Standard Time)","CNR - Istituto Officina dei Materiali","Italy"
"Session C1.2.1","Invited Speaker","Isabella Concina","Engineering Semiconductor–Electrolyte Interfaces for Water Splitting: Opportunities and Challenges","Wed Oct 28 2026 09:30:00 GMT+0100 (Central European Standard Time)","Wed Oct 28 2026 10:00:00 GMT+0100 (Central European Standard Time)","Lulea University of Technology","Sweden"
"Session C1.2.1","Invited Speaker","Jordi Arbiol","In-situ STEM for Energy and Catalysis Nanomaterials","Wed Oct 28 2026 10:00:00 GMT+0100 (Central European Standard Time)","Wed Oct 28 2026 10:30:00 GMT+0100 (Central European Standard Time)","ICREA and Catalan Institute of Nanoscience and Nanotechnology (ICN2)","Spain"
"Session E1.2.1","Invited Speaker","Johanna Eichhorn","Interfaces, surfaces, and defects in photoelectrochemical energy materials","Wed Oct 28 2026 09:00:00 GMT+0100 (Central European Standard Time)","Wed Oct 28 2026 09:30:00 GMT+0100 (Central European Standard Time)","Technische Universität München, Germany","Germany"
"Session E1.2.1","Invited Speaker","David Tilley","Cuprous Oxide for Solar-Driven Chemical Manufacturing","Wed Oct 28 2026 09:30:00 GMT+0100 (Central European Standard Time)","Wed Oct 28 2026 10:00:00 GMT+0100 (Central European Standard Time)","University of Zurich","Switzerland"
"Session E1.2.1","Invited Speaker","Erwin Reisner","Solar reforming of biomass and plastic waste streams","Wed Oct 28 2026 10:00:00 GMT+0100 (Central European Standard Time)","Wed Oct 28 2026 10:30:00 GMT+0100 (Central European Standard Time)","University of Cambridge - UK","United Kingdom"
"Session A2.1.1","Invited Speaker","Annalisa Bruno","From Bulk to Quantum: Engineering Perovskite Optoelectronics","Wed Oct 28 2026 09:00:00 GMT+0100 (Central European Standard Time)","Wed Oct 28 2026 09:30:00 GMT+0100 (Central European Standard Time)","Nanyang Technological University (NTU), Singapore","Singapore"
"Session A2.1.1","Invited Speaker","Polyxeni Tsoulka","Revealing the main challenges of the perovskite vapor-based deposition techniques for fully textured-Si/PK tandem solar cell applications: The case of Close Space Sublimation","Wed Oct 28 2026 09:30:00 GMT+0100 (Central European Standard Time)","Wed Oct 28 2026 10:00:00 GMT+0100 (Central European Standard Time)","CEA - LITEN - INES","France"
"Session B1.1.1","Invited Speaker","David Egger","Finite-Temperature Charge Transport in Dynamically Disordered Halide Perovskites","Wed Oct 28 2026 09:00:00 GMT+0100 (Central European Standard Time)","Wed Oct 28 2026 09:30:00 GMT+0100 (Central European Standard Time)","Technical University of Munich","Germany"
"Session B1.1.1","Invited Speaker","Barry Rand","The Price of Defect Tolerance? Chemical Reactivity in Halide Perovskites","Wed Oct 28 2026 09:30:00 GMT+0100 (Central European Standard Time)","Wed Oct 28 2026 10:00:00 GMT+0100 (Central European Standard Time)","Princeton University","United States"
"Session B1.1.1","Invited Speaker","Shuxia Tao","From Lattice Fluctuations to Ion Migration: The Dynamics of Halide Perovskites from Machine Learning Potential","Wed Oct 28 2026 10:00:00 GMT+0100 (Central European Standard Time)","Wed Oct 28 2026 10:30:00 GMT+0100 (Central European Standard Time)","Eindhoven University of Technology (TU/e)","Netherlands"
"Session A6.1.1","Invited Speaker","Liberato Manna","Halide Perovskite Nanocrystals Heterostructures","Wed Oct 28 2026 09:00:00 GMT+0100 (Central European Standard Time)","Wed Oct 28 2026 09:30:00 GMT+0100 (Central European Standard Time)","CompuNet, Istituto Italiano di Tecnologia (IIT), Genova","Italy"
"Session A6.1.1","Invited Speaker","Lina Quan","Optical control of polarization in 2D metal halide perovskites","Wed Oct 28 2026 09:30:00 GMT+0100 (Central European Standard Time)","Wed Oct 28 2026 10:00:00 GMT+0100 (Central European Standard Time)","University of North Carolina at Chapel Hill, Department of Chemistry","United States"
"Session A6.1.1","Invited Speaker","Dmitry Baranov","Disorder, Interfaces, and Heterostructures in Perovskite Nanocrystal Superlattices","Wed Oct 28 2026 10:00:00 GMT+0100 (Central European Standard Time)","Wed Oct 28 2026 10:30:00 GMT+0100 (Central European Standard Time)","Lund University","Sweden"
"Session D6.1.1","Invited Speaker","Sergio Pablo-garcía","Building the autonomous lab: orchestration, lab as code, and data integration","Wed Oct 28 2026 09:00:00 GMT+0100 (Central European Standard Time)","Wed Oct 28 2026 09:30:00 GMT+0100 (Central European Standard Time)",,
"Session D6.1.1","Invited Speaker","Basita Das","HELIOS: AI-native physical laboratory to execute a million experiments a minute","Wed Oct 28 2026 10:00:00 GMT+0100 (Central European Standard Time)","Wed Oct 28 2026 10:30:00 GMT+0100 (Central European Standard Time)","AMOLF","United States"
"Session D2.1.1","Invited Speaker","Sofia Masi","Compositional and Interfacial Strategies to Mitigate Instability Pathways in Mixed-Halide Perovskites for Emerging Photovoltaics","Wed Oct 28 2026 11:15:00 GMT+0100 (Central European Standard Time)","Wed Oct 28 2026 11:45:00 GMT+0100 (Central European Standard Time)","Universitat Jaume I, Institute of Advanced Materials (INAM) - Spain","Spain"
"Session D2.1.1","Invited Speaker","Morten Madsen","Scalable Organic and Tandem Photovoltaics for the Built Environment: Designing Color and Semi-transparency for Targeted Applications","Wed Oct 28 2026 12:15:00 GMT+0100 (Central European Standard Time)","Wed Oct 28 2026 12:45:00 GMT+0100 (Central European Standard Time)","University of Southern Denmark","Denmark"
"Session C1.2.2","Invited Speaker","Vasiliki Tileli","Quasi-Operando Electron Microscopy of Electrocatalysts","Wed Oct 28 2026 11:15:00 GMT+0100 (Central European Standard Time)","Wed Oct 28 2026 11:45:00 GMT+0100 (Central European Standard Time)","Ecole Polytechnique Federale de Lausanne","Switzerland"
"Session C1.2.2","Invited Speaker","Andreas Hutzler","From Nanoscale Dynamics to Macroscopic Electrochemistry: Quantitative Operando Liquid-Phase Electron Microscopy for Decoding Electrode Degradation","Wed Oct 28 2026 12:00:00 GMT+0100 (Central European Standard Time)","Wed Oct 28 2026 12:30:00 GMT+0100 (Central European Standard Time)","Forschungszentrum Jülich GmbH, Helmholtz Institute for Renewable Energy (IET-2), Erlangen 91058, Germany","Germany"
"Session C1.2.2","Invited Speaker","Andrea Marchionni","Electrocatalysis beyond the metallic state: the key role of dynamic oxide layers in Pt- and Pd-based systems","Wed Oct 28 2026 12:30:00 GMT+0100 (Central European Standard Time)","Wed Oct 28 2026 13:00:00 GMT+0100 (Central European Standard Time)","National Council for Research, Italy","Italy"
"Session E1.2.2","Invited Speaker","Fatwa Firdaus Abdi","Engineering the photoanode beyond oxygen evolution","Wed Oct 28 2026 11:15:00 GMT+0100 (Central European Standard Time)","Wed Oct 28 2026 11:45:00 GMT+0100 (Central European Standard Time)","City University of Hong Kong","Hong Kong"
"Session E1.2.2","Invited Speaker","F. Pelayo García De Arquer","Crossing reactive carbon and nitrogen pathways with electrolysis","Wed Oct 28 2026 12:30:00 GMT+0100 (Central European Standard Time)","Wed Oct 28 2026 13:00:00 GMT+0100 (Central European Standard Time)",,
"Session B1.1.2","Invited Speaker","Maksym Kovalenko","Quantum light sources using colloidal perovskite quantum dots: a research update","Wed Oct 28 2026 11:15:00 GMT+0100 (Central European Standard Time)","Wed Oct 28 2026 11:45:00 GMT+0100 (Central European Standard Time)","ETH Zurich and Empa, CH","Switzerland"
"Session B1.1.2","Invited Speaker","Matthew Beard","THz light emission via Inverse Chiral Induced Spin Selectivity in Chiral Perovskite","Wed Oct 28 2026 12:30:00 GMT+0100 (Central European Standard Time)","Wed Oct 28 2026 13:00:00 GMT+0100 (Central European Standard Time)","National Renewable Energy Laboratory, US","United States"
"Session A2.1.2","Invited Speaker","Basita Das","Transforming characterization data into information in the case of perovskite solar cells","Wed Oct 28 2026 11:15:00 GMT+0100 (Central European Standard Time)","Wed Oct 28 2026 11:45:00 GMT+0100 (Central European Standard Time)","AMOLF","United States"
"Session A2.1.2","Invited Speaker","Michele De Bastiani","Towards Scalable, Efficient, and Durable Perovskite-Based Tandem and Triple-Junction Solar Cells","Wed Oct 28 2026 11:45:00 GMT+0100 (Central European Standard Time)","Wed Oct 28 2026 12:15:00 GMT+0100 (Central European Standard Time)","Centre d’Electronique et de Microtechnique (CSEM)","Switzerland"
"Session A2.1.2","Invited Speaker","Robert Hoye","Spatial Atomic Layer Deposition of Oxide Thin Films for Tandem Photovoltaics","Wed Oct 28 2026 12:15:00 GMT+0100 (Central European Standard Time)","Wed Oct 28 2026 12:45:00 GMT+0100 (Central European Standard Time)","University of Oxford","United Kingdom"
"Session A2.1.2","Invited Speaker","Monica Lira-cantu","Stability of halide perovskites for single and tandem solar cells","Wed Oct 28 2026 12:45:00 GMT+0100 (Central European Standard Time)","Wed Oct 28 2026 13:15:00 GMT+0100 (Central European Standard Time)",,
"Session D6.1.2","Invited Speaker","Milad Abolhasani","Self-Driving Laboratories for Accelerated Discovery of Sustainable Functional Materials","Wed Oct 28 2026 11:15:00 GMT+0100 (Central European Standard Time)","Wed Oct 28 2026 11:45:00 GMT+0100 (Central European Standard Time)","North Carolina State University","United States"
"Session D6.1.2","Invited Speaker","Martin Aaskov Karlsen","ScatterLab: a scattering-based, self-driving laboratory for structure-informed autonomous synthesis of functional nanomaterials","Wed Oct 28 2026 11:45:00 GMT+0100 (Central European Standard Time)","Wed Oct 28 2026 12:15:00 GMT+0100 (Central European Standard Time)","Technical University of Denmark (DTU)","Denmark"
"Session D6.1.2","Invited Speaker","Leonard Ng Wei Tat","From Photovoltaics to Hydrometallurgy: Self-Driving Laboratories as a Universal Engine for Accelerated Materials Discovery","Wed Oct 28 2026 12:30:00 GMT+0100 (Central European Standard Time)","Wed Oct 28 2026 13:00:00 GMT+0100 (Central European Standard Time)","School of Materials Science and Engineering, Nanyang Technological University","Singapore"
"Session A6.1.2","Invited Speaker","Laura Herz","Optical probes of 2D perovskites and perovskite-inspired semiconductors","Wed Oct 28 2026 11:15:00 GMT+0100 (Central European Standard Time)","Wed Oct 28 2026 11:45:00 GMT+0100 (Central European Standard Time)","University of Oxford","United Kingdom"
"Session A6.1.2","Invited Speaker","Davide Altamura","Perovskites in the Light of X-Rays at the Home Laboratory","Wed Oct 28 2026 12:30:00 GMT+0100 (Central European Standard Time)","Wed Oct 28 2026 13:00:00 GMT+0100 (Central European Standard Time)","National Research Council (CNR)","Italy"
"Session D6.1.3","Invited Speaker","Ozlem Ozcan","Design and Optimization of Electrochemical Interfaces using Material Acceleration Platforms (MAPs)","Wed Oct 28 2026 15:15:00 GMT+0100 (Central European Standard Time)","Wed Oct 28 2026 15:45:00 GMT+0100 (Central European Standard Time)",,
"Session A2.1.3","Invited Speaker","Kai Oliver Brinkmann","Operation stability of non-fullerene solar cells for perovksite-organic tandems","Wed Oct 28 2026 15:00:00 GMT+0100 (Central European Standard Time)","Wed Oct 28 2026 15:30:00 GMT+0100 (Central European Standard Time)","University of Wuppertal, Germany","Germany"
"Session A2.1.3","Invited Speaker","Martin C. Schubert","Loss Analysis and Industrially Relevant Characterization of Perovskite-Silicon Tandem Solar Cells","Wed Oct 28 2026 15:45:00 GMT+0100 (Central European Standard Time)","Wed Oct 28 2026 16:15:00 GMT+0100 (Central European Standard Time)","Fraunhofer Institute for Solar Energy Systems ISE","Germany"
"Session A2.1.3","Invited Speaker","Stefaan De Wolf","Combining perovskites with silicon for dual and triple junction photovoltaics","Wed Oct 28 2026 16:15:00 GMT+0100 (Central European Standard Time)","Wed Oct 28 2026 16:45:00 GMT+0100 (Central European Standard Time)","King Abdullah University of Science and Technology (KAUST) - Saudi Arabia","Saudi Arabia"
"Session B1.1.3","Invited Speaker","Zachary Vanorman","Toward Lead-Free Halide Perovskites for Optoelectronic Applications","Wed Oct 28 2026 15:00:00 GMT+0100 (Central European Standard Time)","Wed Oct 28 2026 15:30:00 GMT+0100 (Central European Standard Time)","Hope College","United States"
"Session C1.2.3","Invited Speaker","Luca D'amario","Catching Electrocatalytic Intermediates via  Time-resolved Operando Spectroelectrochemistry","Wed Oct 28 2026 15:00:00 GMT+0100 (Central European Standard Time)","Wed Oct 28 2026 15:30:00 GMT+0100 (Central European Standard Time)","Uppsala University, Sweden","Italy"
"Session C1.2.3","Invited Speaker","Raffaello Mazzaro","Operando XAS of Photoanode Interfaces: From Steady-State Redox Chemistry to Dynamic Charge Transfer","Wed Oct 28 2026 15:45:00 GMT+0100 (Central European Standard Time)","Wed Oct 28 2026 16:15:00 GMT+0100 (Central European Standard Time)","University of Bologna","Italy"
"Session C1.2.3","Invited Speaker","Daniel Choukroun","Insights into Nanoporous Copper Catalyst Layer Performance for CO2 and CO Electroreduction","Wed Oct 28 2026 16:15:00 GMT+0100 (Central European Standard Time)","Wed Oct 28 2026 16:45:00 GMT+0100 (Central European Standard Time)","Applied Electrochemistry & Catalysis (ELCAT), University of Antwerp","Belgium"
"Session D2.1.2","Invited Speaker","Marina Freitag","Light to Logic","Wed Oct 28 2026 15:00:00 GMT+0100 (Central European Standard Time)","Wed Oct 28 2026 15:30:00 GMT+0100 (Central European Standard Time)","School of Natural and Environmental Sciences, Newcastle University, UK","United Kingdom"
"Session D2.1.2","Invited Speaker","Robert Hoye","Powering edge computing through indoor photovoltaics - opportunities and challenges","Wed Oct 28 2026 16:00:00 GMT+0100 (Central European Standard Time)","Wed Oct 28 2026 16:30:00 GMT+0100 (Central European Standard Time)","University of Oxford","United Kingdom"
"Session D2.1.2","Invited Speaker","Paola Vivo","Designing Lead-Free Perovskite-Inspired Materials for Indoor Energy Harvesting: From Materials to Devices","Wed Oct 28 2026 16:30:00 GMT+0100 (Central European Standard Time)","Wed Oct 28 2026 17:00:00 GMT+0100 (Central European Standard Time)","Tampere University","Finland"
"Session D2.1.2","Invited Speaker","Joondong Kim","Transparent Photovoltaics from Land to Water: Water-Interfaced Transparent Photovoltaics and Underwater Energy Harvesting","Wed Oct 28 2026 17:00:00 GMT+0100 (Central European Standard Time)","Wed Oct 28 2026 17:30:00 GMT+0100 (Central European Standard Time)","Incheon National University","Korea, Republic of"
"Session E1.2.3","Invited Speaker","Takeshi Morikawa","Photocatalytic and electrochemical CO2 reduction by semiconductors, metal complexes, and their hybrid systems","Wed Oct 28 2026 15:30:00 GMT+0100 (Central European Standard Time)","Wed Oct 28 2026 16:00:00 GMT+0100 (Central European Standard Time)","Toyota Central R&D Labs., Inc.","Japan"
"Session E1.2.3","Invited Speaker","Nuria Lopez","Understanding photocatalytic reactivity","Wed Oct 28 2026 16:00:00 GMT+0100 (Central European Standard Time)","Wed Oct 28 2026 16:30:00 GMT+0100 (Central European Standard Time)",,
"Session 1.3","Invited Speaker","Marina Leite","Uncovering Stability in Halide Perovskites: an AI-Driven Approach","Wed Oct 28 2026 15:00:00 GMT+0100 (Central European Standard Time)","Wed Oct 28 2026 15:30:00 GMT+0100 (Central European Standard Time)","University of California Davis","United States"
"Session 1.3","Invited Speaker","Mohammad Reza Golobostanfard","Lead-Free Two-Dimensional Halide Double Perovskites for Memristive and Neuromorphic In-Memory Computing","Wed Oct 28 2026 15:45:00 GMT+0100 (Central European Standard Time)","Wed Oct 28 2026 16:15:00 GMT+0100 (Central European Standard Time)","University of Turku, 20500 Turku, Finland.","Finland"
"Session 1.3","Invited Speaker","Nripan Mathews","Utilising ionic effects in halide perovskites","Wed Oct 28 2026 16:15:00 GMT+0100 (Central European Standard Time)","Wed Oct 28 2026 16:45:00 GMT+0100 (Central European Standard Time)","Nanyang Technological University (NTU)","Singapore"
"Session B5.1.1","Invited Speaker","Michael Toney","Understanding dynamic local structure in Hybrid Metal Halide Perovskites","Thu Oct 29 2026 09:00:00 GMT+0100 (Central European Standard Time)","Thu Oct 29 2026 09:30:00 GMT+0100 (Central European Standard Time)","University of Colorado Boulder, Boulder, CO 80309, USA","United States"
"Session B5.1.1","Invited Speaker","Julian Steele","Microscopic Phonons to Macroscopic Properties","Thu Oct 29 2026 10:00:00 GMT+0100 (Central European Standard Time)","Thu Oct 29 2026 10:30:00 GMT+0100 (Central European Standard Time)","The University of Queensland","Australia"
"Session C1.3.1","Invited Speaker","Jinsoo Kim","Ultrasonic Spray Pyrolysis-Assisted Synthesis of Pt, Ru, and Pd Supported on Gamma-Alumina Catalysts for Monobenzyl Toluene Hydrogenation","Thu Oct 29 2026 09:00:00 GMT+0100 (Central European Standard Time)","Thu Oct 29 2026 09:30:00 GMT+0100 (Central European Standard Time)","Kyung Hee University","Korea, Republic of"
"Session C1.3.1","Invited Speaker","Francesca M. Toma","Correlative Operando Characterization of Dynamic (Photo)electrochemical Interfaces","Thu Oct 29 2026 10:00:00 GMT+0100 (Central European Standard Time)","Thu Oct 29 2026 10:30:00 GMT+0100 (Central European Standard Time)","Helmholtz Zentrum Hereon","Germany"
"Session A1.1.1","Invited Speaker","Barry Rand","From Degradation to Functionality: Metal Transport in Halide Perovskites","Thu Oct 29 2026 09:00:00 GMT+0100 (Central European Standard Time)","Thu Oct 29 2026 09:30:00 GMT+0100 (Central European Standard Time)","Princeton University","United States"
"Session A1.1.1","Invited Speaker","Minhanh Truong","Development of Hole-Collecting Materials for p-i-n Perovskite Solar Cells","Thu Oct 29 2026 09:30:00 GMT+0100 (Central European Standard Time)","Thu Oct 29 2026 10:00:00 GMT+0100 (Central European Standard Time)",,
"Session E5.1.1","Invited Speaker","Salvador Eslava","Organic and Halide Perovskite Integrated (Photo)Electrodes for Solar Hydrogen Production","Thu Oct 29 2026 09:00:00 GMT+0100 (Central European Standard Time)","Thu Oct 29 2026 09:30:00 GMT+0100 (Central European Standard Time)","Imperial College London","United Kingdom"
"Session E5.1.1","Invited Speaker","Ainhoa Cots","Advancing Photoelectrochemical Technologies towards Real-World Sustainable Chemical Production","Thu Oct 29 2026 10:00:00 GMT+0100 (Central European Standard Time)","Thu Oct 29 2026 10:30:00 GMT+0100 (Central European Standard Time)","LEITAT Technological Centre","Spain"
"Session D2.2.1","Invited Speaker","Michael Wagner","Large Scale Flexible Photovoltaics: Minimizing upscaling losses from organic and perovskite based PV and decreasing the market entry barrier","Thu Oct 29 2026 09:00:00 GMT+0100 (Central European Standard Time)","Thu Oct 29 2026 09:30:00 GMT+0100 (Central European Standard Time)","Helmholtz-Insitute Erlangen-Nürnberg (HIERN), Forschungszentrum Jülich","Germany"
"Session D3.1.1","Invited Speaker","Thomas Anthopoulos","Printable Organic Hydrogen Sensors for the Emerging Hydrogen Industries","Thu Oct 29 2026 09:00:00 GMT+0100 (Central European Standard Time)","Thu Oct 29 2026 09:30:00 GMT+0100 (Central European Standard Time)","Henry Royce Institute, The University of Manchester","United Kingdom"
"Session D3.1.1","Invited Speaker","Mariano Campoy Quiles","Controlled thickness gradients: from high throughput screening of solar cells, to miniature spectrometers and microcavity enhanced Raman","Thu Oct 29 2026 10:00:00 GMT+0100 (Central European Standard Time)","Thu Oct 29 2026 10:30:00 GMT+0100 (Central European Standard Time)","Instituto de Ciencia de Materiales de Barcelona","Spain"
"Session B1.2.1","Invited Speaker","Milad Abolhasani","Self-Driving Laboratories for Mapping Emerging Phenomena in Halide Perovskite Nanomaterials","Thu Oct 29 2026 09:00:00 GMT+0100 (Central European Standard Time)","Thu Oct 29 2026 09:30:00 GMT+0100 (Central European Standard Time)","North Carolina State University","United States"
"Session B1.2.1","Invited Speaker","Mateusz Dyksik","Hybrid phonons and polarons in 2D layered perovskites","Thu Oct 29 2026 09:30:00 GMT+0100 (Central European Standard Time)","Thu Oct 29 2026 10:00:00 GMT+0100 (Central European Standard Time)","Wroclaw University of Science and Technolog","Poland"
"Session B1.2.1","Invited Speaker","Linn Leppert","Excitons and Lattice Dynamics in Halide Perovskites from First Principles","Thu Oct 29 2026 10:00:00 GMT+0100 (Central European Standard Time)","Thu Oct 29 2026 10:30:00 GMT+0100 (Central European Standard Time)","University of Birmingham","United Kingdom"
"Session A3.1.1","Invited Speaker","Sergii Yakunin","Metal Halide Perovskite Single-Crystals from Hard Radiation Detectors to Radiovoltaic Batteries","Thu Oct 29 2026 09:00:00 GMT+0100 (Central European Standard Time)","Thu Oct 29 2026 09:30:00 GMT+0100 (Central European Standard Time)","Swiss Federal Institute of Technology ETH Zurich","Switzerland"
"Session A3.1.1","Invited Speaker","Ahmed Abdelhady","In Situ Organic Cation Chemistry for the Growth and Engineering of Halide Perovskite Single Crystals","Thu Oct 29 2026 09:30:00 GMT+0100 (Central European Standard Time)","Thu Oct 29 2026 10:00:00 GMT+0100 (Central European Standard Time)","Khalifa University, Abu Dhabi, UAE","United Arab Emirates"
"B1.2.2","Invited Speaker",,"Untitled","Thu Oct 29 2026 11:15:00 GMT+0100 (Central European Standard Time)","Thu Oct 29 2026 11:45:00 GMT+0100 (Central European Standard Time)",,
"B1.2.2","Invited Speaker","Monica Morales-masis","Transparent Conducting Oxides: A Lever for Efficiency and Stability in Perovskite–Silicon Tandem Solar Cells","Thu Oct 29 2026 11:45:00 GMT+0100 (Central European Standard Time)","Thu Oct 29 2026 12:15:00 GMT+0100 (Central European Standard Time)",,
"Session D3.1.2","Invited Speaker","Morten Madsen","Scalable organic photovoltaics for indoor applications","Thu Oct 29 2026 11:15:00 GMT+0100 (Central European Standard Time)","Thu Oct 29 2026 11:45:00 GMT+0100 (Central European Standard Time)","University of Southern Denmark","Denmark"
"Session D3.1.2","Invited Speaker","Daniel Packwood","Towards first-principles modeling of OPV devices using random structure searching and machine learning","Thu Oct 29 2026 11:45:00 GMT+0100 (Central European Standard Time)","Thu Oct 29 2026 12:15:00 GMT+0100 (Central European Standard Time)","Kyoto University, Japan","Japan"
"Session D3.1.2","Invited Speaker","Vida Engmann","A healthy diet for stable organic solar cells","Thu Oct 29 2026 12:15:00 GMT+0100 (Central European Standard Time)","Thu Oct 29 2026 12:45:00 GMT+0100 (Central European Standard Time)","University of Southern Denmark, SDU CAPE, MCI","Denmark"
"Session C3.1.1","Invited Speaker","Ulf-peter Apfel","Bridging Catalyst Design, Electrode Engineering, and Reactor Integration","Thu Oct 29 2026 11:15:00 GMT+0100 (Central European Standard Time)","Thu Oct 29 2026 11:45:00 GMT+0100 (Central European Standard Time)","Ruhr University Bochum and Fraunhofer UMSICHT","Germany"
"Session C3.1.1","Invited Speaker","Joey Disch","Material Diversity vs. Industrial Reality: Challenges for Component Suppliers in CO₂ Electrolysis","Thu Oct 29 2026 12:00:00 GMT+0100 (Central European Standard Time)","Thu Oct 29 2026 12:30:00 GMT+0100 (Central European Standard Time)","ionysis GmbH","Germany"
"Session C3.1.1","Invited Speaker","Sven Brückner","Diagnostic tools for CO2 electrolyzer cell degradation and failure","Thu Oct 29 2026 12:30:00 GMT+0100 (Central European Standard Time)","Thu Oct 29 2026 13:00:00 GMT+0100 (Central European Standard Time)","Technical University of Berlin (TU)","Germany"
"Session E5.1.2","Invited Speaker","Lorenzo Malavasi","Materials Engineering and Mechanistic Understanding of Metal Halides for Solar Fuel Photogeneration","Thu Oct 29 2026 11:15:00 GMT+0100 (Central European Standard Time)","Thu Oct 29 2026 11:45:00 GMT+0100 (Central European Standard Time)","Department of Chemistry, University of Pavia","Italy"
"Session E5.1.2","Invited Speaker","Sandheep Ravishankar","Determination of Electron Extraction in Semiconductor Photoanodes: Steady‐State and Small‐Perturbation Response","Thu Oct 29 2026 12:15:00 GMT+0100 (Central European Standard Time)","Thu Oct 29 2026 12:45:00 GMT+0100 (Central European Standard Time)","Forschungszentrum Jülich","Germany"
"Session E5.1.2","Invited Speaker","Stefano Caramori","MXene-modified Hematite photoanodes","Thu Oct 29 2026 13:00:00 GMT+0100 (Central European Standard Time)","Thu Oct 29 2026 13:30:00 GMT+0100 (Central European Standard Time)","University of Ferrara, Italy","Italy"
"A1.1.2","Invited Speaker","Junke Wang","Br-rich perovskites for multijunction solar cells","Thu Oct 29 2026 11:15:00 GMT+0100 (Central European Standard Time)","Thu Oct 29 2026 11:45:00 GMT+0100 (Central European Standard Time)","State Key Laboratory of Luminescent Materials and Devices,  South China University of Technology, Guangzhou, China","China"
"A1.1.2","Invited Speaker","Xinyi Shen","Crystal-Facet-Directed All-Vacuum-Deposited Perovskite Solar Cells","Thu Oct 29 2026 12:15:00 GMT+0100 (Central European Standard Time)","Thu Oct 29 2026 12:45:00 GMT+0100 (Central European Standard Time)","The Hong Kong University of Science and Technology","United Kingdom"
"Session A3.1.2","Invited Speaker","Alexander Urban","From Individual Perovskite Nanocrystals to Predictive Structure–Property Relationships","Thu Oct 29 2026 11:15:00 GMT+0100 (Central European Standard Time)","Thu Oct 29 2026 11:45:00 GMT+0100 (Central European Standard Time)","Ludwig Maximilians University (LMU) Munich","Germany"
"Session A3.1.2","Invited Speaker","Linn Leppert","Strain-Induced Tetragonal-to-Cubic Phase Transition from On-the-Fly Machine-Learned Potentials","Thu Oct 29 2026 11:45:00 GMT+0100 (Central European Standard Time)","Thu Oct 29 2026 12:15:00 GMT+0100 (Central European Standard Time)","University of Birmingham","United Kingdom"
"Session A3.1.2","Invited Speaker","Alessandro Mattoni","Molecular Dynamics Simulations of Hybrid Perovskites: Towards the Modeling of Crystal Growth and Heterostructures","Thu Oct 29 2026 12:15:00 GMT+0100 (Central European Standard Time)","Thu Oct 29 2026 12:45:00 GMT+0100 (Central European Standard Time)","Consiglio Nazionale delle Ricerche, Istituto Officina dei Materiali, CNR-IOM, Cagliari, Cittadella Universitaria, Monserrato 09042-I (CA), Italy","Italy"
"Session B5.1.2","Invited Speaker","David Egger","From Anharmonic Lattices to Predictive Machine-Learning Models of Halide Perovskites","Thu Oct 29 2026 11:15:00 GMT+0100 (Central European Standard Time)","Thu Oct 29 2026 11:45:00 GMT+0100 (Central European Standard Time)","Technical University of Munich","Germany"
"Session B5.1.2","Invited Speaker","Peijun Guo","Tracking and making use of heat in two-dimensional metal halide perovskites","Thu Oct 29 2026 12:30:00 GMT+0100 (Central European Standard Time)","Thu Oct 29 2026 13:00:00 GMT+0100 (Central European Standard Time)","Yale University","United States"
"D2.2.2","Invited Speaker","Aslihan H. Babayigit","Disentangling Ion Migration from Artifacts in High-Fidelity ToF-SIMS Depth Profiling of Perovskite Solar Cells","Thu Oct 29 2026 11:15:00 GMT+0100 (Central European Standard Time)","Thu Oct 29 2026 11:45:00 GMT+0100 (Central European Standard Time)","Hasselt University/imec/EnergyVille","Belgium"
"D2.2.2","Invited Speaker","Polina Volovitch","Material-environment interactions in AgriPhotoVoltaic (AgriPV)","Thu Oct 29 2026 12:00:00 GMT+0100 (Central European Standard Time)","Thu Oct 29 2026 12:30:00 GMT+0100 (Central European Standard Time)","Chimie ParisTech, PSL Research University, CNRS","France"
"Session D3.1.3","Invited Speaker","David Payne","Exsolution in oxide systems beyond perovskites","Thu Oct 29 2026 15:30:00 GMT+0100 (Central European Standard Time)","Thu Oct 29 2026 16:00:00 GMT+0100 (Central European Standard Time)","Imperial College London","United Kingdom"
"Session B5.1.3","Invited Speaker","Lina Quan","Ultrafast spin and phonon transduction in chiral Hybrid Perovskites","Thu Oct 29 2026 15:00:00 GMT+0100 (Central European Standard Time)","Thu Oct 29 2026 15:30:00 GMT+0100 (Central European Standard Time)","University of North Carolina at Chapel Hill, Department of Chemistry","United States"
"Session B5.1.3","Invited Speaker","Patanjali Kambhampati","Birth of a Landau Polaron in Real Time and Its Quantum-Optical Consequences in Perovskite Quantum Dots","Thu Oct 29 2026 15:30:00 GMT+0100 (Central European Standard Time)","Thu Oct 29 2026 16:00:00 GMT+0100 (Central European Standard Time)","McGill University, Montreal (Canada)","Canada"
"Session B5.1.3","Invited Speaker","Paul Erhart","Tuning Soft Perovskites by Alloying: Phase Boundaries, Halide Ordering, and Vacancy Migration","Thu Oct 29 2026 16:00:00 GMT+0100 (Central European Standard Time)","Thu Oct 29 2026 16:30:00 GMT+0100 (Central European Standard Time)","Chalmers University of technology","Sweden"
"Session B5.1.3","Invited Speaker",,"Untitled","Thu Oct 29 2026 16:30:00 GMT+0100 (Central European Standard Time)","Thu Oct 29 2026 17:00:00 GMT+0100 (Central European Standard Time)",,
"Session B3.1.2","Invited Speaker","Giulia Grancini","Beyond Passivation: Ferroelectric Low-Dimensional Perovskites for Stable and Efficient Photovoltaics","Thu Oct 29 2026 15:00:00 GMT+0100 (Central European Standard Time)","Thu Oct 29 2026 15:30:00 GMT+0100 (Central European Standard Time)","University of Pavia, Italy","Italy"
"Session B3.1.2","Invited Speaker","Sascha Feldmann","Chiroptical probes to track spin & light polarization in space & time","Thu Oct 29 2026 15:30:00 GMT+0100 (Central European Standard Time)","Thu Oct 29 2026 16:00:00 GMT+0100 (Central European Standard Time)","École Polytechnique Fédérale de Lausanne (EPFL)","Switzerland"
"Session B3.1.2","Invited Speaker","Shuxia Tao","Twisting Light and Spin in Chiral Halide Perovskites","Thu Oct 29 2026 16:00:00 GMT+0100 (Central European Standard Time)","Thu Oct 29 2026 16:30:00 GMT+0100 (Central European Standard Time)","Eindhoven University of Technology (TU/e)","Netherlands"
"Session B3.1.2","Invited Speaker","Henk Bolink","Incorporation of nanophotonic structures in OLEDs to generate circularly polarized light.","Thu Oct 29 2026 16:30:00 GMT+0100 (Central European Standard Time)","Thu Oct 29 2026 17:00:00 GMT+0100 (Central European Standard Time)",,
"Session B3.1.2","Invited Speaker","Li Wan","Induced Chirality and Orbital Texture in Organic Semiconductor Optoelectronics","Thu Oct 29 2026 17:00:00 GMT+0100 (Central European Standard Time)","Thu Oct 29 2026 17:30:00 GMT+0100 (Central European Standard Time)","Max Planck Institute of Microstructure Physics","Germany"
"A1.1.3","Invited Speaker","Siyu Yan","Modulating Structural and Electronic States in Vapour-Deposited Perovskite Semiconductors through Interface and Chemical Engineering","Thu Oct 29 2026 15:00:00 GMT+0100 (Central European Standard Time)","Thu Oct 29 2026 15:30:00 GMT+0100 (Central European Standard Time)","university of oxford","United Kingdom"
"A1.1.3","Invited Speaker","Rosario Vidal","Holistic sustainability of lead-free perovskites","Thu Oct 29 2026 15:45:00 GMT+0100 (Central European Standard Time)","Thu Oct 29 2026 16:15:00 GMT+0100 (Central European Standard Time)","Universitat Jaume I","Spain"
"A1.1.3","Invited Speaker","Isabella Poli","Lead-Free Perovskites for Optoelectronics","Thu Oct 29 2026 16:15:00 GMT+0100 (Central European Standard Time)","Thu Oct 29 2026 16:45:00 GMT+0100 (Central European Standard Time)","Istituto Italiano di Tecnologia (IIT)","Italy"
"E5.1.3","Invited Speaker","Paula Dias","Advancing Solar Energy Storage: From Photoelectrodes Engineering to Photoelectrochemical Cell Upscaling","Thu Oct 29 2026 15:00:00 GMT+0100 (Central European Standard Time)","Thu Oct 29 2026 15:30:00 GMT+0100 (Central European Standard Time)","University of Porto, LEPABE - Laboratory for Process Engineering, Environment, Biotechnology and Energy, Portugal","Portugal"
"E5.1.3","Invited Speaker","Edoardo Mosconi","Computational Modeling of New Generation Materials for Photovoltaics and Catalysis","Thu Oct 29 2026 16:00:00 GMT+0100 (Central European Standard Time)","Thu Oct 29 2026 16:30:00 GMT+0100 (Central European Standard Time)","Università degli Studi di Perugia - CNR-ISTM","Italy"
"E5.1.3","Invited Speaker","Roland Marschall","Nanostructured photoelectrodes for solar energy conversion","Thu Oct 29 2026 16:30:00 GMT+0100 (Central European Standard Time)","Thu Oct 29 2026 17:00:00 GMT+0100 (Central European Standard Time)","University of Bayreuth, Germany","Germany"
"C3.1.2","Invited Speaker","F. Pelayo García De Arquer","Dynamic approaches to designing CO2 electrolysis interfaces","Thu Oct 29 2026 15:00:00 GMT+0100 (Central European Standard Time)","Thu Oct 29 2026 15:30:00 GMT+0100 (Central European Standard Time)",,
"C3.1.2","Invited Speaker","David Wakerley","Scaling up carbon oxide electrolyzers","Thu Oct 29 2026 16:00:00 GMT+0100 (Central European Standard Time)","Thu Oct 29 2026 16:30:00 GMT+0100 (Central European Standard Time)","Dioxycle","France"
"Session A3.1.3","Invited Speaker",,"Untitled","Thu Oct 29 2026 15:00:00 GMT+0100 (Central European Standard Time)","Thu Oct 29 2026 15:30:00 GMT+0100 (Central European Standard Time)",,
"Session A3.1.3","Invited Speaker","Rosanna Mastria","Engineering Metal Halide Perovskite Single Crystals for Integrated Photonics","Thu Oct 29 2026 15:45:00 GMT+0100 (Central European Standard Time)","Thu Oct 29 2026 16:15:00 GMT+0100 (Central European Standard Time)","CNR NANOTEC Institute of Nanotechnology","Italy"
"Session D1.1.1","Invited Speaker","Damien Querlioz","A hybrid memristor-magnetic tunnel junction Ising machine","Fri Oct 30 2026 11:15:00 GMT+0100 (Central European Standard Time)","Fri Oct 30 2026 11:45:00 GMT+0100 (Central European Standard Time)","Univ Paris-Saclay, CNRS","France"
"Session D1.1.1","Invited Speaker","Philippe Talatchian","Hardware Training of Stochastic Multilayer Spintronic Neural Networks","Fri Oct 30 2026 11:45:00 GMT+0100 (Central European Standard Time)","Fri Oct 30 2026 12:15:00 GMT+0100 (Central European Standard Time)","Univ. Grenoble Alpes, CEA, CNRS, Grenoble INP, SPINTEC","France"
"Session D1.1.1","Invited Speaker","Flavio Abreu Araujo","Energy-Efficient In-Memory Computing with Non-Volatile N-ary Spintronic Crossbar Arrays for Sustainable AI","Fri Oct 30 2026 12:15:00 GMT+0100 (Central European Standard Time)","Fri Oct 30 2026 12:45:00 GMT+0100 (Central European Standard Time)","UCLouvain","Belgium"
"Session D1.1.1","Invited Speaker","Jack Gartside","Learning Nonlinear Heterogeneity in Physical Kolmogorov-Arnold Networks","Fri Oct 30 2026 12:45:00 GMT+0100 (Central European Standard Time)","Fri Oct 30 2026 13:15:00 GMT+0100 (Central European Standard Time)","new","Spain"
"Session C3.2.1","Invited Speaker","Tom Breugelmans","From Laboratory to Pilot Scale: System-Level Engineering of CO₂ Electrolysis for CO Production","Fri Oct 30 2026 11:45:00 GMT+0100 (Central European Standard Time)","Fri Oct 30 2026 12:15:00 GMT+0100 (Central European Standard Time)","University of Antwerp","Belgium"
"Session C3.2.1","Invited Speaker","Mark Sassenburg","Upscaling of Electrochemical CO2 Electrolysis: Process Conditions and Design Considerations","Fri Oct 30 2026 12:30:00 GMT+0100 (Central European Standard Time)","Fri Oct 30 2026 13:00:00 GMT+0100 (Central European Standard Time)","TNO SPES","Netherlands"
"Session C3.2.1","Invited Speaker","Avni Guruji","Overcoming Bottlenecks in Industrial CO2 Electrolysis: Electrode Longevity and Reactor Scale-up","Fri Oct 30 2026 13:00:00 GMT+0100 (Central European Standard Time)","Fri Oct 30 2026 13:30:00 GMT+0100 (Central European Standard Time)","Flemish Institute for Technological Research (VITO)","Belgium"
"Session D3.2.1","Invited Speaker","Florian Mathies","From Laboratory Discovery to Scalable Manufacturing: Printing and Coating Strategies for Perovskite Photovoltaics within the Solar TAP Initiative","Fri Oct 30 2026 11:15:00 GMT+0100 (Central European Standard Time)","Fri Oct 30 2026 11:45:00 GMT+0100 (Central European Standard Time)","Helmholtz-Zentrum Berlin für Materialien und Energie GmbH, Germany","Germany"
"Session D3.2.1","Invited Speaker","Francesca Brunetti","Printed Flexible Perovskites Solar Cells and Modules for Applications in Indoor and Space Environment","Fri Oct 30 2026 12:15:00 GMT+0100 (Central European Standard Time)","Fri Oct 30 2026 12:45:00 GMT+0100 (Central European Standard Time)","University of Rome (Tor Vergata)","Italy"
"Session B5.2.1","Invited Speaker","Jacky Even","Stability and optoelectronic properties of bulk halide perovskites and their heterostructures: theoretical approaches to polymorphism and lattice matching","Fri Oct 30 2026 11:15:00 GMT+0100 (Central European Standard Time)","Fri Oct 30 2026 11:45:00 GMT+0100 (Central European Standard Time)","Institut National des Sciences Appliquées, Rennes","France"
"Session B5.2.1","Invited Speaker","Zhanybek Alpichshev","Flexoelectric domain walls enable charge separation and transport in cubic perovskites","Fri Oct 30 2026 12:15:00 GMT+0100 (Central European Standard Time)","Fri Oct 30 2026 12:45:00 GMT+0100 (Central European Standard Time)","Institute of Science and Technology Austria","Austria"
"Session B3.2.1","Invited Speaker","Francesco Furlan","Chiral conjugated systems for circularly polarised light-emitting diodes","Fri Oct 30 2026 11:15:00 GMT+0100 (Central European Standard Time)","Fri Oct 30 2026 11:45:00 GMT+0100 (Central European Standard Time)","Imperial College London","United Kingdom"
"Session B3.2.1","Invited Speaker","Guankui Long","Wafer-Scale Patterning Integration of Chiral 3D Perovskite Single Crystals toward High-Performance Full-Stokes Polarimeter","Fri Oct 30 2026 12:15:00 GMT+0100 (Central European Standard Time)","Fri Oct 30 2026 12:45:00 GMT+0100 (Central European Standard Time)","Nankai University","China"
"Session E2.1.1","Invited Speaker","Camilla Tossi","Synthesis of Rhodium Electrocatalyst Nanoparticles for Photoelectrochemical Water-Splitting in Microgravity","Fri Oct 30 2026 11:30:00 GMT+0100 (Central European Standard Time)","Fri Oct 30 2026 12:00:00 GMT+0100 (Central European Standard Time)","Center of Applied Space Technology and Microgravity (ZARM)","Germany"
"Session E2.1.1","Invited Speaker","Pau Farras","Perylene-based COFs as a template for size-controlling and localising Au and RuO2 NPs for light-driven CO2 reduction","Fri Oct 30 2026 12:15:00 GMT+0100 (Central European Standard Time)","Fri Oct 30 2026 12:45:00 GMT+0100 (Central European Standard Time)","University of Galway","Ireland"
"Session A5.1.1","Invited Speaker","Rene Janssen","Material design for multijunction perovskite solar cells – a tour along bandgaps","Fri Oct 30 2026 11:15:00 GMT+0100 (Central European Standard Time)","Fri Oct 30 2026 11:45:00 GMT+0100 (Central European Standard Time)","Eindhoven University of Technology (TU/e)","Netherlands"
"Session A5.1.1","Invited Speaker","Elke Debroye","Shedding Light on Perovskites: Spectroscopic Insights into Stable Optoelectronics","Fri Oct 30 2026 12:00:00 GMT+0100 (Central European Standard Time)","Fri Oct 30 2026 12:30:00 GMT+0100 (Central European Standard Time)","KU Leuven","Belgium"
"Session A5.1.1","Invited Speaker","Jeremy Hieulle","Understanding and Mitigating Photo-Induced Degradation in Perovskites","Fri Oct 30 2026 12:45:00 GMT+0100 (Central European Standard Time)","Fri Oct 30 2026 13:15:00 GMT+0100 (Central European Standard Time)","Université de Haute-Alsace","France"
"session E2.1.2","Invited Speaker","Sonya Calnan","The Science and Engineering of Solar Energy for efficient Hydrogen (and Fuel) Production","Fri Oct 30 2026 15:00:00 GMT+0100 (Central European Standard Time)","Fri Oct 30 2026 15:30:00 GMT+0100 (Central European Standard Time)","Loughborough University","United Kingdom"
"session E2.1.2","Invited Speaker","Fatwa Firdaus Abdi","Engineering elevated-pressure photoelectrochemical systems","Fri Oct 30 2026 15:30:00 GMT+0100 (Central European Standard Time)","Fri Oct 30 2026 16:00:00 GMT+0100 (Central European Standard Time)","City University of Hong Kong","Hong Kong"
"session E2.1.2","Invited Speaker","Virgil Andrei","Lead Halide Perovskite Photoelectrocatalysis for Solar Chemical Synthesis","Fri Oct 30 2026 16:00:00 GMT+0100 (Central European Standard Time)","Fri Oct 30 2026 16:30:00 GMT+0100 (Central European Standard Time)","School of Materials Science and Engineering, Nanyang Technological University","Singapore"
"Session C3.2.2","Invited Speaker","Luca Bohn","Small Cell, Big Bottleneck: Investigation of Barriers for CO2 Electrolysis at Lab Scale","Fri Oct 30 2026 15:00:00 GMT+0100 (Central European Standard Time)","Fri Oct 30 2026 15:30:00 GMT+0100 (Central European Standard Time)","Albert-Ludwigs-Universität Freiburg","Germany"
"Session C3.2.2","Invited Speaker","Mohd Monis Ayyub","Electrochemical CO2 reduction coupled with hydrogen oxidation reaction","Fri Oct 30 2026 15:30:00 GMT+0100 (Central European Standard Time)","Fri Oct 30 2026 16:00:00 GMT+0100 (Central European Standard Time)","Technical University of Denmark","Denmark"
"Session D5.1.2","Invited Speaker","Mathias Klaeui","Stochastic Dynamics and Skyrmions for AI and AI for Skyrmion Research","Fri Oct 30 2026 15:00:00 GMT+0100 (Central European Standard Time)","Fri Oct 30 2026 15:30:00 GMT+0100 (Central European Standard Time)","Institute of Physics, Johannes Gutenberg University","Germany"
"Session D5.1.2","Invited Speaker","Frank Mizrahi","Radiofrequency spintronic networks","Fri Oct 30 2026 15:30:00 GMT+0100 (Central European Standard Time)","Fri Oct 30 2026 16:00:00 GMT+0100 (Central European Standard Time)","Laboratoire Albert Fert","France"
"Session D5.1.2","Invited Speaker","Liza Herrera Diez","Designing synaptic functionalities through magneto-ionic control of a spin-reorientation transition and domain wall motion","Fri Oct 30 2026 16:00:00 GMT+0100 (Central European Standard Time)","Fri Oct 30 2026 16:30:00 GMT+0100 (Central European Standard Time)","CNRS-Université Paris Saclay","France"
"Session D5.1.2","Invited Speaker","Akash Kumar","Scallable and programmable spin Hall nano-oscillator arrays for unconvnetional computing","Fri Oct 30 2026 16:30:00 GMT+0100 (Central European Standard Time)","Fri Oct 30 2026 17:00:00 GMT+0100 (Central European Standard Time)","Department of Physics, University of Gothenburg","Sweden"
"Session A5.1.2","Invited Speaker","Daniel Congreve","Blue, Violet, and UV Emission from Perovskite Devices","Fri Oct 30 2026 15:00:00 GMT+0100 (Central European Standard Time)","Fri Oct 30 2026 15:30:00 GMT+0100 (Central European Standard Time)","Stanford University","United States"
"Session A5.1.2","Invited Speaker","Mojtaba Abdi Jalebi","Multi-Interface Engineering and Evolutionary Dynamics in Perovskite Photovoltaics: From Fundamental Charge Carrier Control to Scalable Devices","Fri Oct 30 2026 15:45:00 GMT+0100 (Central European Standard Time)","Fri Oct 30 2026 16:15:00 GMT+0100 (Central European Standard Time)","University College London UCL","United Kingdom"
"Session A5.1.2","Invited Speaker","Anurag Krishna","Molecular Engineering for Scaling Perovskite Photovoltaics from Lab to Fab","Fri Oct 30 2026 16:15:00 GMT+0100 (Central European Standard Time)","Fri Oct 30 2026 16:45:00 GMT+0100 (Central European Standard Time)","Interuniversity Microelectronics Centre (IMEC)","Belgium"
"Session B3.2.2","Invited Speaker","Rosario Vidal","Preliminary Results on the Sustainability of Chiral Perovskite Optoelectronic Materials","Fri Oct 30 2026 15:00:00 GMT+0100 (Central European Standard Time)","Fri Oct 30 2026 15:30:00 GMT+0100 (Central European Standard Time)","Universitat Jaume I","Spain"
"Session B3.2.2","Invited Speaker","Maria Vasilopoulou","Building Landau staircase of facets for room temperature superradiant lasers.","Fri Oct 30 2026 15:30:00 GMT+0100 (Central European Standard Time)","Fri Oct 30 2026 16:00:00 GMT+0100 (Central European Standard Time)","National Center for Scientific Research Demokritos","Greece"
"Session B3.2.2","Invited Speaker","Angela Wittmann","Chirality-induced unidirectionality","Fri Oct 30 2026 16:00:00 GMT+0100 (Central European Standard Time)","Fri Oct 30 2026 16:30:00 GMT+0100 (Central European Standard Time)","Johannes Gutenberg University Mainz","Germany"
"B5.2.2","Invited Speaker","Marios Zacharias","Beyond the Average Crystal: Local Disorder, Anharmonicity, and Electron-Phonon Coupling in Halide Perovskites","Fri Oct 30 2026 15:00:00 GMT+0100 (Central European Standard Time)","Fri Oct 30 2026 15:30:00 GMT+0100 (Central European Standard Time)","The Cyprus Institute","Cyprus"
